<?xml version="1.0" encoding="utf-8"?>
<odoo>
    <data noupdate="1">
        <record id="ir_cron_consultahacienda_pos" model="ir.cron">
            <field name="name">Consulta Hacienda POS</field>
            <field name="model_id" ref="model_pos_order" />
            <field name="state">code</field>
            <field name="code">model._consultahacienda_pos(20)</field>
            <field name="interval_number">5</field>
            <field name="interval_type">minutes</field>
            <field name="numbercall">-1</field>
            <field name="doall" eval="False"/>
        </record>
        <record id="ir_cron_valida_hacienda_pos" model="ir.cron">
            <field name="name">Valida Hacienda POS</field>
            <field name="model_id" ref="model_pos_order" />
            <field name="state">code</field>
            <field name="code">model._validahacienda_pos(20)</field>
            <field name="interval_number">5</field>
            <field name="interval_type">minutes</field>
            <field name="numbercall">-1</field>
            <field name="doall" eval="False"/>
        </record>
        <record id="ir_cron_reenvia_correos_pos" model="ir.cron">
            <field name="name">Reenvia Correos POS</field>
            <field name="model_id" ref="model_pos_order" />
            <field name="state">code</field>
            <field name="code">model._reenviacorreos_pos()</field>
            <field name="interval_number">5</field>
            <field name="interval_type">minutes</field>
            <field name="numbercall">-1</field>
            <field name="doall" eval="False"/>
        </record>
    </data>
</odoo>
