<?xml version="1.0" encoding="utf-8"?>
<odoo>
    <data noupdate="0">
        <record id="ir_cron_consultahacienda" model="ir.cron">
            <field name="name">Consulta Hacienda FE Clientes</field>
            <field name="model_id" ref="model_account_move" />
            <field name="state">code</field>
            <field name="code">model._check_hacienda_for_invoices()</field>
            <field name="interval_number">5</field>
            <field name="interval_type">minutes</field>
            <field name="numbercall">-1</field>
            <field name="doall" eval="False" />
        </record>

        <record id="ir_cron_confirmahacienda" model="ir.cron">
            <field name="name">Consulta Hacienda FE Proveedores</field>
            <field name="model_id" ref="model_account_move" />
            <field name="state">code</field>
            <field name="code">model._check_hacienda_for_mrs()</field>
            <field name="interval_number">5</field>
            <field name="interval_type">minutes</field>
            <field name="numbercall">-1</field>
            <field name="doall" eval="False" />
        </record>

        <record id="ir_cron_valida_hacienda_invoice" model="ir.cron">
            <field name="name">Valida Facturas Hacienda</field>
            <field name="model_id" ref="model_account_move" />
            <field name="state">code</field>
            <field name="code">model._send_invoices_to_hacienda()</field>
            <field name="interval_number">10</field>
            <field name="interval_type">minutes</field>
            <field name="numbercall">-1</field>
            <field name="doall" eval="False" />
        </record>

        <record id="ir_cron_mr_hacienda_invoice" model="ir.cron">
            <field name="name">Envio Mensaje Receptor</field>
            <field name="model_id" ref="model_account_move" />
            <field name="state">code</field>
            <field name="code">model.send_mrs_to_hacienda()</field>
            <field name="interval_number">10</field>
            <field name="interval_type">minutes</field>
            <field name="numbercall">-1</field>
            <field name="doall" eval="False" />
        </record>

    </data>
</odoo>