<?xml version="1.0" ?>
<odoo>

    <!-- Mail template are declared in a NOUPDATE block
         so users can freely customize/delete them -->
    <data noupdate="1">
        <!--Email template -->
        <record id="email_template_invoice_vendor" model="mail.template">
            <field name="name">Invoicing: Vendor Invoice email</field>
            <field name="email_from">${(object.user_id.email and '&quot;%s&quot; &lt;%s&gt;' % (object.user_id.name, object.user_id.email) or '')|safe}</field>
            <field name="subject">${object.company_id.name} Invoice (Ref ${object.number or 'n/a'})</field>
            <field name="partner_to">${object.partner_id.id}, ${object.company_id.id}</field>
            <field name="model_id" ref="account.model_account_move" />
            <field name="auto_delete" eval="True" />
            <field name="lang">${object.partner_id.lang}</field>
            <field name="body_html" type="html">
<div>
    <p>
        Dear ${object.partner_id.name}
        % set access_action = object.with_context(force_website=True).get_access_action()
        % set is_online = access_action and access_action['type'] == 'ir.actions.act_url'
        % set access_url = object.get_mail_url()

        % if object.partner_id.parent_id:
        (<i>${object.partner_id.parent_id.name}</i>)
        % endif
        ,
    </p>
    <p>
        ${object.company_id.name} has accepted in "Ministerio de Hacienda" your
        % if object.number:
        invoice <strong>${object.number}</strong>
        % else:
        invoice
        % endif
        % if object.origin:
        (with reference: ${object.origin})
        % endif
        amounting in <strong>${format_amount(object.amount_total, object.currency_id)}</strong>
        from ${object.company_id.name}.
    </p>

    <br />
    <strong>Electronic number: </strong> ${object.number_electronic}
    <br />
    <strong>Confirmation date: </strong> ${object.date_issuance}
    <br />
    <strong>Confirmation Message: </strong> ${object.state_invoice_partner}
    <br />
    <strong>"Hacienda" status: </strong> ${object.state_tributacion}

    <br /><br />
    <strong>Issuing company </strong>
    <br />
    <strong>Name: </strong>${object.partner_id.name}
    <br />
    <strong>Id: </strong>${object.partner_id.vat}

    <br /><br />
    <strong>Receiving company </strong>
    <br />
    <strong>Name: </strong>${object.company_id.name}
    <br />
    <strong>Id: </strong>${object.company_id.vat}
    <br /><br />
    Attached you'll find the XMLs with the message sent to "Hacienda" and its response for your backup
    <br /><br />
    <p>Thank you,</p>
    <p style="color:#888888">
        % if object.user_id and object.user_id.signature:
        ${object.user_id.signature | safe}
        % endif
    </p>
</div>
            </field>
        </record>
    </data>
</odoo>
