<?xml version="1.0" encoding="utf-8"?>
<odoo>
    <data noupdate="1">


        <!-- Account Tax Group -->
        <record id="tax_group_IVA0" model="account.tax.group">
            <field name="name">IVA 0% - (CR)</field>
            <field name="sequence">0</field>
        </record>

        <record id="tax_group_IVA1" model="account.tax.group">
            <field name="name">IVA 1% - (CR)</field>
            <field name="sequence">0</field>
        </record>

        <record id="tax_group_IVA2" model="account.tax.group">
            <field name="name">IVA 2% - (CR)</field>
            <field name="sequence">0</field>
        </record>

        <record id="tax_group_IVA4" model="account.tax.group">
            <field name="name">IVA 4% - (CR)</field>
            <field name="sequence">0</field>
        </record>

        <record id="tax_group_IVA8" model="account.tax.group">
            <field name="name">IVA 8% - (CR)</field>
            <field name="sequence">0</field>
        </record>

        <record id="tax_group_IVA13" model="account.tax.group">
            <field name="name">IVA 13% - (CR)</field>
            <field name="sequence">0</field>
        </record>

        <record id="tax_group_IVA_ND" model="account.tax.group">
            <field name="name">IVA No deducible - (CR)</field>
            <field name="sequence">0</field>
        </record>

        <record id="tax_group_SC" model="account.tax.group">
            <field name="name">SC - (CR)</field>
            <field name="sequence">0</field>
        </record>

        <record id="tax_group_IUC" model="account.tax.group">
            <field name="name">IUC - (CR)</field>
            <field name="sequence">0</field>
        </record>

        <record id="tax_group_IEBA" model="account.tax.group">
            <field name="name">IEBA - (CR)</field>
            <field name="sequence">0</field>
        </record>

        <record id="tax_group_IEBE" model="account.tax.group">
            <field name="name">IEBE - (CR)</field>
            <field name="sequence">0</field>
        </record>

        <record id="tax_group_IPT" model="account.tax.group">
            <field name="name">IPT - (CR)</field>
            <field name="sequence">0</field>
        </record>

        <record id="tax_group_IRBU" model="account.tax.group">
            <field name="name">IRBU - (CR)</field>
            <field name="sequence">0</field>
        </record>

        <record id="tax_group_Servicio" model="account.tax.group">
            <field name="name">10% Servicio - (CR)</field>
            <field name="sequence">0</field>
        </record>

        <record id="tax_group_Exento" model="account.tax.group">
            <field name="name">Exento - (CR)</field>
            <field name="sequence">0</field>
        </record>

        <!-- Account tax template -->

        <record id="iva_tax_0_cr" model="account.tax.template">
            <field name="tax_code">01</field>
            <field name="name">IVA 0% CR</field>
            <field name="sequence">10</field>
            <field name="type_tax_use">sale</field>
            <field name="amount_type">percent</field>
            <field name="amount">0</field>
            <field name="chart_template_id" ref="l10n_cr.account_chart_template_0" />
            <field name="tax_group_id" ref="tax_group_IVA0" />
            <field name="iva_tax_desc">Tarifa 0%</field>
            <field name="iva_tax_code">01</field>
            <field name="invoice_repartition_line_ids" eval="[(5, 0, 0),
            (0,0, {
                'factor_percent': 100,
                'repartition_type': 'base',
            }),

            (0,0, {
                'factor_percent': 100,
                'repartition_type': 'tax',
                'account_id': ref('l10n_cr.account_account_template_0_212101'),
            }),
        ]" />
            <field name="refund_repartition_line_ids" eval="[(5, 0, 0),
            (0,0, {
                'factor_percent': 100,
                'repartition_type': 'base',
            }),

            (0,0, {
                'factor_percent': 100,
                'repartition_type': 'tax',
                'account_id': ref('l10n_cr.account_account_template_0_212101'),
            }),
        ]" />
        </record>


        <record id="iva_tax_00_cr" model="account.tax.template">
            <field name="tax_code">01</field>
            <field name="name">IVA 0% CR</field>
            <field name="sequence">10</field>
            <field name="type_tax_use">purchase</field>
            <field name="amount_type">percent</field>
            <field name="amount">0</field>
            <field name="chart_template_id" ref="l10n_cr.account_chart_template_0" />
            <field name="tax_group_id" ref="tax_group_IVA0" />
            <field name="iva_tax_desc">Tarifa 0%</field>
            <field name="iva_tax_code">01</field>
            <field name="invoice_repartition_line_ids" eval="[(5, 0, 0),
            (0,0, {
                'factor_percent': 100,
                'repartition_type': 'base',
            }),

            (0,0, {
                'factor_percent': 100,
                'repartition_type': 'tax',
                'account_id': ref('l10n_cr.account_account_template_0_212101'),
            }),
        ]" />
            <field name="refund_repartition_line_ids" eval="[(5, 0, 0),
            (0,0, {
                'factor_percent': 100,
                'repartition_type': 'base',
            }),

            (0,0, {
                'factor_percent': 100,
                'repartition_type': 'tax',
                'account_id': ref('l10n_cr.account_account_template_0_212101'),
            }),
        ]" />
        </record>

        <record id="iva_tax_00_ND_cr" model="account.tax.template">
            <field name="tax_code">01</field>
            <field name="name">IVA 0% (No deducible)</field>
            <field name="sequence">10</field>
            <field name="type_tax_use">purchase</field>
            <field name="amount_type">percent</field>
            <field name="description">IVA 0% (No deducible)</field>
            <field name="amount">0</field>
            <field name="chart_template_id" ref="l10n_cr.account_chart_template_0" />
            <field name="tax_group_id" ref="tax_group_IVA_ND" />
            <field name="iva_tax_code">01</field>
            <field name="iva_tax_desc">Tarifa 0% (No deducible)</field>
            <field name="non_tax_deductible">True</field>
            <field name="invoice_repartition_line_ids" eval="[(5, 0, 0),
            (0,0, {
                'factor_percent': 100,
                'repartition_type': 'base',
            }),

            (0,0, {
                'factor_percent': 100,
                'repartition_type': 'tax',
                'account_id': ref('l10n_cr.account_account_template_0_212101'),
            }),
        ]" />
            <field name="refund_repartition_line_ids" eval="[(5, 0, 0),
            (0,0, {
                'factor_percent': 100,
                'repartition_type': 'base',
            }),

            (0,0, {
                'factor_percent': 100,
                'repartition_type': 'tax',
                'account_id': ref('l10n_cr.account_account_template_0_212101'),
            }),
        ]" />
        </record>

        <record id="iva_tax_01_cr" model="account.tax.template">
            <field name="tax_code">01</field>
            <field name="name">IVA 13%</field>
            <field name="sequence">10</field>
            <field name="type_tax_use">sale</field>
            <field name="amount_type">percent</field>
            <field name="description">IVA General 13%</field>
            <field name="amount">13</field>
            <field name="chart_template_id" ref="l10n_cr.account_chart_template_0" />
            <field name="tax_group_id" ref="tax_group_IVA13" />
            <field name="iva_tax_desc">Tarifa General 13%</field>
            <field name="iva_tax_code">08</field>
            <field name="invoice_repartition_line_ids" eval="[(5, 0, 0),
            (0,0, {
                'factor_percent': 100,
                'repartition_type': 'base',
            }),

            (0,0, {
                'factor_percent': 100,
                'repartition_type': 'tax',
                'account_id': ref('l10n_cr.account_account_template_0_212101'),
            }),
        ]" />
            <field name="refund_repartition_line_ids" eval="[(5, 0, 0),
            (0,0, {
                'factor_percent': 100,
                'repartition_type': 'base',
            }),

            (0,0, {
                'factor_percent': 100,
                'repartition_type': 'tax',
                'account_id': ref('l10n_cr.account_account_template_0_212101'),
            }),
        ]" />
        </record>


        <record id="iva_tax_02_cr" model="account.tax.template">
            <field name="tax_code">01</field>
            <field name="name">IVA 13%</field>
            <field name="sequence">10</field>
            <field name="type_tax_use">purchase</field>
            <field name="amount_type">percent</field>
            <field name="description">IVA General 13%</field>
            <field name="amount">13</field>
            <field name="chart_template_id" ref="l10n_cr.account_chart_template_0" />
            <field name="tax_group_id" ref="tax_group_IVA13" />
            <field name="iva_tax_desc">Tarifa General 13%</field>
            <field name="iva_tax_code">08</field>
            <field name="invoice_repartition_line_ids" eval="[(5, 0, 0),
            (0,0, {
                'factor_percent': 100,
                'repartition_type': 'base',
            }),

            (0,0, {
                'factor_percent': 100,
                'repartition_type': 'tax',
                'account_id': ref('l10n_cr.account_account_template_0_212101'),
            }),
        ]" />
            <field name="refund_repartition_line_ids" eval="[(5, 0, 0),
            (0,0, {
                'factor_percent': 100,
                'repartition_type': 'base',
            }),

            (0,0, {
                'factor_percent': 100,
                'repartition_type': 'tax',
                'account_id': ref('l10n_cr.account_account_template_0_212101'),
            }),
        ]" />
        </record>


        <record id="iva_tax_02_ND_cr" model="account.tax.template">
            <field name="tax_code">01</field>
            <field name="name">IVA 13% (No deducible)</field>
            <field name="sequence">10</field>
            <field name="type_tax_use">purchase</field>
            <field name="amount_type">percent</field>
            <field name="description">IVA General 13%</field>
            <field name="amount">13</field>
            <field name="chart_template_id" ref="l10n_cr.account_chart_template_0" />
            <field name="tax_group_id" ref="tax_group_IVA_ND" />
            <field name="iva_tax_desc">Tarifa General 13%</field>
            <field name="non_tax_deductible">True</field>
            <field name="iva_tax_code">08</field>
            <field name="invoice_repartition_line_ids" eval="[(5, 0, 0),
            (0,0, {
                'factor_percent': 100,
                'repartition_type': 'base',
            }),

            (0,0, {
                'factor_percent': 100,
                'repartition_type': 'tax',
                'account_id': ref('l10n_cr.account_account_template_0_212101'),
            }),
        ]" />
            <field name="refund_repartition_line_ids" eval="[(5, 0, 0),
            (0,0, {
                'factor_percent': 100,
                'repartition_type': 'base',
            }),

            (0,0, {
                'factor_percent': 100,
                'repartition_type': 'tax',
                'account_id': ref('l10n_cr.account_account_template_0_212101'),
            }),
        ]" />
        </record>
        <record id="iva_tax_03_cr" model="account.tax.template">
            <field name="name">IVA 1% (Tarifa Reducida)</field>
            <field name="sequence">10</field>
            <field name="type_tax_use">sale</field>
            <field name="amount_type">percent</field>
            <field name="description">IVA 1% (Tarifa Reducida)</field>
            <field name="amount">1</field>
            <field name="chart_template_id" ref="l10n_cr.account_chart_template_0" />
            <field name="tax_group_id" ref="tax_group_IVA1" />
            <field name="iva_tax_desc">Tarifa reducida 1%</field>
            <field name="iva_tax_code">02</field>
            <field name="invoice_repartition_line_ids" eval="[(5, 0, 0),
            (0,0, {
                'factor_percent': 100,
                'repartition_type': 'base',
            }),

            (0,0, {
                'factor_percent': 100,
                'repartition_type': 'tax',
                'account_id': ref('l10n_cr.account_account_template_0_212101'),
            }),
        ]" />
            <field name="refund_repartition_line_ids" eval="[(5, 0, 0),
            (0,0, {
                'factor_percent': 100,
                'repartition_type': 'base',
            }),

            (0,0, {
                'factor_percent': 100,
                'repartition_type': 'tax',
                'account_id': ref('l10n_cr.account_account_template_0_212101'),
            }),
        ]" />
        </record>


        <record id="iva_tax_04_cr" model="account.tax.template">
            <field name="tax_code">01</field>
            <field name="name">IVA 1% (Tarifa Reducida)</field>
            <field name="sequence">10</field>
            <field name="type_tax_use">purchase</field>
            <field name="amount_type">percent</field>
            <field name="description">IVA 1% (Tarifa Reducida)</field>
            <field name="amount">1</field>
            <field name="chart_template_id" ref="l10n_cr.account_chart_template_0" />
            <field name="tax_group_id" ref="tax_group_IVA1" />
            <field name="iva_tax_desc">Tarifa reducida 1%</field>
            <field name="iva_tax_code">02</field>
            <field name="invoice_repartition_line_ids" eval="[(5, 0, 0),
            (0,0, {
                'factor_percent': 100,
                'repartition_type': 'base',
            }),

            (0,0, {
                'factor_percent': 100,
                'repartition_type': 'tax',
                'account_id': ref('l10n_cr.account_account_template_0_212101'),
            }),
        ]" />
            <field name="refund_repartition_line_ids" eval="[(5, 0, 0),
            (0,0, {
                'factor_percent': 100,
                'repartition_type': 'base',
            }),

            (0,0, {
                'factor_percent': 100,
                'repartition_type': 'tax',
                'account_id': ref('l10n_cr.account_account_template_0_212101'),
            }),
        ]" />
        </record>


        <record id="iva_tax_04_ND_cr" model="account.tax.template">
            <field name="tax_code">01</field>
            <field name="name">IVA 1% (No deducible)</field>
            <field name="sequence">10</field>
            <field name="type_tax_use">purchase</field>
            <field name="amount_type">percent</field>
            <field name="description">IVA 1% (No deducible)</field>
            <field name="amount">1</field>
            <field name="chart_template_id" ref="l10n_cr.account_chart_template_0" />
            <field name="tax_group_id" ref="tax_group_IVA_ND" />
            <field name="iva_tax_desc">Tarifa reducida 1% (No deducible)</field>
            <field name="iva_tax_code">02</field>
            <field name="non_tax_deductible">True</field>
            <field name="invoice_repartition_line_ids" eval="[(5, 0, 0),
            (0,0, {
                'factor_percent': 100,
                'repartition_type': 'base',
            }),

            (0,0, {
                'factor_percent': 100,
                'repartition_type': 'tax',
                'account_id': ref('l10n_cr.account_account_template_0_212101'),
            }),
        ]" />
            <field name="refund_repartition_line_ids" eval="[(5, 0, 0),
            (0,0, {
                'factor_percent': 100,
                'repartition_type': 'base',
            }),

            (0,0, {
                'factor_percent': 100,
                'repartition_type': 'tax',
                'account_id': ref('l10n_cr.account_account_template_0_212101'),
            }),
        ]" />
        </record>


        <record id="iva_tax_05_cr" model="account.tax.template">
            <field name="tax_code">01</field>
            <field name="name">IVA 2% (Tarifa Reducida)</field>
            <field name="sequence">10</field>
            <field name="type_tax_use">sale</field>
            <field name="amount_type">percent</field>
            <field name="description">IVA 2% (Tarifa Reducida)</field>
            <field name="amount">2</field>
            <field name="chart_template_id" ref="l10n_cr.account_chart_template_0" />
            <field name="tax_group_id" ref="tax_group_IVA2" />
            <field name="iva_tax_desc">Tarifa reducida 2%</field>
            <field name="iva_tax_code">03</field>
            <field name="invoice_repartition_line_ids" eval="[(5, 0, 0),
            (0,0, {
                'factor_percent': 100,
                'repartition_type': 'base',
            }),

            (0,0, {
                'factor_percent': 100,
                'repartition_type': 'tax',
                'account_id': ref('l10n_cr.account_account_template_0_212101'),
            }),
        ]" />
            <field name="refund_repartition_line_ids" eval="[(5, 0, 0),
            (0,0, {
                'factor_percent': 100,
                'repartition_type': 'base',
            }),

            (0,0, {
                'factor_percent': 100,
                'repartition_type': 'tax',
                'account_id': ref('l10n_cr.account_account_template_0_212101'),
            }),
        ]" />
        </record>


        <record id="iva_tax_06_cr" model="account.tax.template">
            <field name="tax_code">01</field>
            <field name="name">IVA 2% (Tarifa Reducida)</field>
            <field name="sequence">10</field>
            <field name="type_tax_use">purchase</field>
            <field name="amount_type">percent</field>
            <field name="description">IVA 2% (Tarifa Reducida)</field>
            <field name="amount">2</field>
            <field name="chart_template_id" ref="l10n_cr.account_chart_template_0" />
            <field name="tax_group_id" ref="tax_group_IVA2" />
            <field name="iva_tax_desc">Tarifa reducida 2%</field>
            <field name="iva_tax_code">03</field>
            <field name="invoice_repartition_line_ids" eval="[(5, 0, 0),
            (0,0, {
                'factor_percent': 100,
                'repartition_type': 'base',
            }),

            (0,0, {
                'factor_percent': 100,
                'repartition_type': 'tax',
                'account_id': ref('l10n_cr.account_account_template_0_212101'),
            }),
        ]" />
            <field name="refund_repartition_line_ids" eval="[(5, 0, 0),
            (0,0, {
                'factor_percent': 100,
                'repartition_type': 'base',
            }),

            (0,0, {
                'factor_percent': 100,
                'repartition_type': 'tax',
                'account_id': ref('l10n_cr.account_account_template_0_212101'),
            }),
        ]" />
        </record>

        <record id="iva_tax_06_ND_cr" model="account.tax.template">
            <field name="tax_code">01</field>
            <field name="name">IVA 2% (No deducible)</field>
            <field name="sequence">10</field>
            <field name="type_tax_use">purchase</field>
            <field name="amount_type">percent</field>
            <field name="description">IVA 2% (No deducible)</field>
            <field name="amount">2</field>
            <field name="chart_template_id" ref="l10n_cr.account_chart_template_0" />
            <field name="tax_group_id" ref="tax_group_IVA_ND" />
            <field name="iva_tax_desc">Tarifa reducida 2% (No deducible)</field>
            <field name="iva_tax_code">03</field>
            <field name="non_tax_deductible">True</field>
            <field name="invoice_repartition_line_ids" eval="[(5, 0, 0),
            (0,0, {
                'factor_percent': 100,
                'repartition_type': 'base',
            }),

            (0,0, {
                'factor_percent': 100,
                'repartition_type': 'tax',
                'account_id': ref('l10n_cr.account_account_template_0_212101'),
            }),
        ]" />
            <field name="refund_repartition_line_ids" eval="[(5, 0, 0),
            (0,0, {
                'factor_percent': 100,
                'repartition_type': 'base',
            }),

            (0,0, {
                'factor_percent': 100,
                'repartition_type': 'tax',
                'account_id': ref('l10n_cr.account_account_template_0_212101'),
            }),
        ]" />
        </record>


        <record id="iva_tax_07_cr" model="account.tax.template">
            <field name="tax_code">01</field>
            <field name="name">IVA 4% (Tarifa Reducida)</field>
            <field name="sequence">10</field>
            <field name="type_tax_use">sale</field>
            <field name="amount_type">percent</field>
            <field name="description">IVA 4% (Tarifa Reducida)</field>
            <field name="amount">4</field>
            <field name="chart_template_id" ref="l10n_cr.account_chart_template_0" />
            <field name="tax_group_id" ref="tax_group_IVA4" />
            <field name="iva_tax_desc">Tarifa reducida 4%</field>
            <field name="iva_tax_code">04</field>
            <field name="invoice_repartition_line_ids" eval="[(5, 0, 0),
            (0,0, {
                'factor_percent': 100,
                'repartition_type': 'base',
            }),

            (0,0, {
                'factor_percent': 100,
                'repartition_type': 'tax',
                'account_id': ref('l10n_cr.account_account_template_0_212101'),
            }),
        ]" />
            <field name="refund_repartition_line_ids" eval="[(5, 0, 0),
            (0,0, {
                'factor_percent': 100,
                'repartition_type': 'base',
            }),

            (0,0, {
                'factor_percent': 100,
                'repartition_type': 'tax',
                'account_id': ref('l10n_cr.account_account_template_0_212101'),
            }),
        ]" />
        </record>


        <record id="iva_tax_08_cr" model="account.tax.template">
            <field name="tax_code">01</field>
            <field name="name">IVA 4% (Tarifa Reducida)</field>
            <field name="sequence">10</field>
            <field name="type_tax_use">purchase</field>
            <field name="amount_type">percent</field>
            <field name="description">IVA 4% (Tarifa Reducida)</field>
            <field name="amount">4</field>
            <field name="chart_template_id" ref="l10n_cr.account_chart_template_0" />
            <field name="tax_group_id" ref="tax_group_IVA4" />
            <field name="iva_tax_desc">Tarifa reducida 4%</field>
            <field name="iva_tax_code">04</field>
            <field name="invoice_repartition_line_ids" eval="[(5, 0, 0),
            (0,0, {
                'factor_percent': 100,
                'repartition_type': 'base',
            }),

            (0,0, {
                'factor_percent': 100,
                'repartition_type': 'tax',
                'account_id': ref('l10n_cr.account_account_template_0_212101'),
            }),
        ]" />
            <field name="refund_repartition_line_ids" eval="[(5, 0, 0),
            (0,0, {
                'factor_percent': 100,
                'repartition_type': 'base',
            }),

            (0,0, {
                'factor_percent': 100,
                'repartition_type': 'tax',
                'account_id': ref('l10n_cr.account_account_template_0_212101'),
            }),
        ]" />
        </record>


        <record id="iva_tax_08_ND_cr" model="account.tax.template">
            <field name="tax_code">01</field>
            <field name="name">IVA 4% (No deducible)</field>
            <field name="sequence">10</field>
            <field name="type_tax_use">purchase</field>
            <field name="amount_type">percent</field>
            <field name="description">IVA 4% (No deducible)</field>
            <field name="amount">4</field>
            <field name="chart_template_id" ref="l10n_cr.account_chart_template_0" />
            <field name="tax_group_id" ref="tax_group_IVA_ND" />
            <field name="iva_tax_desc">Tarifa reducida 4% (No deducible)</field>
            <field name="iva_tax_code">04</field>
            <field name="non_tax_deductible">True</field>

            <field name="invoice_repartition_line_ids" eval="[(5, 0, 0),
            (0,0, {
                'factor_percent': 100,
                'repartition_type': 'base',
            }),

            (0,0, {
                'factor_percent': 100,
                'repartition_type': 'tax',
                'account_id': ref('l10n_cr.account_account_template_0_212101'),
            }),
        ]" />
            <field name="refund_repartition_line_ids" eval="[(5, 0, 0),
            (0,0, {
                'factor_percent': 100,
                'repartition_type': 'base',
            }),

            (0,0, {
                'factor_percent': 100,
                'repartition_type': 'tax',
                'account_id': ref('l10n_cr.account_account_template_0_212101'),
            }),
        ]" />
        </record>

        <record id="iva_tax_09_cr" model="account.tax.template">
            <field name="tax_code">01</field>
            <field name="name">IVA 0% (Transitorio)</field>
            <field name="sequence">10</field>
            <field name="type_tax_use">sale</field>
            <field name="amount_type">percent</field>
            <field name="description">IVA 0% (Transitorio)</field>
            <field name="amount">0</field>
            <field name="chart_template_id" ref="l10n_cr.account_chart_template_0" />
            <field name="tax_group_id" ref="tax_group_IVA0" />
            <field name="iva_tax_desc">Transitorio 0%</field>
            <field name="iva_tax_code">05</field>

            <field name="invoice_repartition_line_ids" eval="[(5, 0, 0),
            (0,0, {
                'factor_percent': 100,
                'repartition_type': 'base',
            }),

            (0,0, {
                'factor_percent': 100,
                'repartition_type': 'tax',
                'account_id': ref('l10n_cr.account_account_template_0_212101'),
            }),
        ]" />
            <field name="refund_repartition_line_ids" eval="[(5, 0, 0),
            (0,0, {
                'factor_percent': 100,
                'repartition_type': 'base',
            }),

            (0,0, {
                'factor_percent': 100,
                'repartition_type': 'tax',
                'account_id': ref('l10n_cr.account_account_template_0_212101'),
            }),
        ]" />
        </record>


        <record id="iva_tax_10_cr" model="account.tax.template">
            <field name="tax_code">01</field>
            <field name="name">IVA 0% (Transitorio)</field>
            <field name="sequence">10</field>
            <field name="type_tax_use">purchase</field>
            <field name="amount_type">percent</field>
            <field name="description">IVA 0% (Transitorio)</field>
            <field name="amount">0</field>
            <field name="chart_template_id" ref="l10n_cr.account_chart_template_0" />
            <field name="tax_group_id" ref="tax_group_IVA0" />
            <field name="iva_tax_desc">Transitorio 0%</field>
            <field name="iva_tax_code">05</field>

            <field name="invoice_repartition_line_ids" eval="[(5, 0, 0),
            (0,0, {
                'factor_percent': 100,
                'repartition_type': 'base',
            }),

            (0,0, {
                'factor_percent': 100,
                'repartition_type': 'tax',
                'account_id': ref('l10n_cr.account_account_template_0_212101'),
            }),
        ]" />
            <field name="refund_repartition_line_ids" eval="[(5, 0, 0),
            (0,0, {
                'factor_percent': 100,
                'repartition_type': 'base',
            }),

            (0,0, {
                'factor_percent': 100,
                'repartition_type': 'tax',
                'account_id': ref('l10n_cr.account_account_template_0_212101'),
            }),
        ]" />
        </record>


        <record id="iva_tax_10_ND_cr" model="account.tax.template">
            <field name="tax_code">01</field>
            <field name="name">IVA 0% (Trans No deducible)</field>
            <field name="sequence">10</field>
            <field name="type_tax_use">purchase</field>
            <field name="amount_type">percent</field>
            <field name="description">IVA 0% (Trans No deducible)</field>
            <field name="amount">0</field>
            <field name="chart_template_id" ref="l10n_cr.account_chart_template_0" />
            <field name="tax_group_id" ref="tax_group_IVA_ND" />
            <field name="iva_tax_desc">Transitorio 0% (Trans No deducible)</field>
            <field name="iva_tax_code">05</field>
            <field name="non_tax_deductible">True</field>
            <field name="invoice_repartition_line_ids" eval="[(5, 0, 0),
            (0,0, {
                'factor_percent': 100,
                'repartition_type': 'base',
            }),

            (0,0, {
                'factor_percent': 100,
                'repartition_type': 'tax',
                'account_id': ref('l10n_cr.account_account_template_0_212101'),
            }),
        ]" />
            <field name="refund_repartition_line_ids" eval="[(5, 0, 0),
            (0,0, {
                'factor_percent': 100,
                'repartition_type': 'base',
            }),

            (0,0, {
                'factor_percent': 100,
                'repartition_type': 'tax',
                'account_id': ref('l10n_cr.account_account_template_0_212101'),
            }),
        ]" />
        </record>


        <record id="iva_tax_11_cr" model="account.tax.template">
            <field name="tax_code">01</field>
            <field name="name">IVA 4% (Transitorio)</field>
            <field name="sequence">10</field>
            <field name="type_tax_use">sale</field>
            <field name="amount_type">percent</field>
            <field name="description">IVA 4% (Transitorio)</field>
            <field name="amount">4</field>
            <field name="chart_template_id" ref="l10n_cr.account_chart_template_0" />
            <field name="tax_group_id" ref="tax_group_IVA4" />
            <field name="iva_tax_desc">Transitorio 4%</field>
            <field name="iva_tax_code">06</field>
            <field name="invoice_repartition_line_ids" eval="[(5, 0, 0),
            (0,0, {
                'factor_percent': 100,
                'repartition_type': 'base',
            }),

            (0,0, {
                'factor_percent': 100,
                'repartition_type': 'tax',
                'account_id': ref('l10n_cr.account_account_template_0_212101'),
            }),
        ]" />
            <field name="refund_repartition_line_ids" eval="[(5, 0, 0),
            (0,0, {
                'factor_percent': 100,
                'repartition_type': 'base',
            }),

            (0,0, {
                'factor_percent': 100,
                'repartition_type': 'tax',
                'account_id': ref('l10n_cr.account_account_template_0_212101'),
            }),
        ]" />
        </record>


        <record id="iva_tax_12_cr" model="account.tax.template">
            <field name="tax_code">01</field>
            <field name="name">IVA 4% (Transitorio)</field>
            <field name="sequence">10</field>
            <field name="type_tax_use">purchase</field>
            <field name="amount_type">percent</field>
            <field name="description">IVA 4% (Transitorio)</field>
            <field name="amount">4</field>
            <field name="chart_template_id" ref="l10n_cr.account_chart_template_0" />
            <field name="tax_group_id" ref="tax_group_IVA4" />
            <field name="iva_tax_desc">Transitorio 4%</field>
            <field name="iva_tax_code">06</field>
            <field name="invoice_repartition_line_ids" eval="[(5, 0, 0),
            (0,0, {
                'factor_percent': 100,
                'repartition_type': 'base',
            }),

            (0,0, {
                'factor_percent': 100,
                'repartition_type': 'tax',
                'account_id': ref('l10n_cr.account_account_template_0_212101'),
            }),
        ]" />
            <field name="refund_repartition_line_ids" eval="[(5, 0, 0),
            (0,0, {
                'factor_percent': 100,
                'repartition_type': 'base',
            }),

            (0,0, {
                'factor_percent': 100,
                'repartition_type': 'tax',
                'account_id': ref('l10n_cr.account_account_template_0_212101'),
            }),
        ]" />
        </record>


        <record id="iva_tax_12_ND_cr" model="account.tax.template">
            <field name="tax_code">01</field>
            <field name="name">IVA 4% (Trans No deducible)</field>
            <field name="sequence">10</field>
            <field name="type_tax_use">purchase</field>
            <field name="amount_type">percent</field>
            <field name="description">IVA 4% (Trans No deducible)</field>
            <field name="amount">4</field>
            <field name="chart_template_id" ref="l10n_cr.account_chart_template_0" />
            <field name="tax_group_id" ref="tax_group_IVA_ND" />
            <field name="iva_tax_desc">Transitorio 4% (Trans No deducible)</field>
            <field name="iva_tax_code">06</field>
            <field name="non_tax_deductible">True</field>

            <field name="invoice_repartition_line_ids" eval="[(5, 0, 0),
            (0,0, {
                'factor_percent': 100,
                'repartition_type': 'base',
            }),

            (0,0, {
                'factor_percent': 100,
                'repartition_type': 'tax',
                'account_id': ref('l10n_cr.account_account_template_0_212101'),
            }),
        ]" />
            <field name="refund_repartition_line_ids" eval="[(5, 0, 0),
            (0,0, {
                'factor_percent': 100,
                'repartition_type': 'base',
            }),

            (0,0, {
                'factor_percent': 100,
                'repartition_type': 'tax',
                'account_id': ref('l10n_cr.account_account_template_0_212101'),
            }),
        ]" />
        </record>


        <record id="iva_tax_13_cr" model="account.tax.template">
            <field name="tax_code">01</field>
            <field name="name">IVA 8% (Transitorio)</field>
            <field name="sequence">10</field>
            <field name="type_tax_use">sale</field>
            <field name="amount_type">percent</field>
            <field name="description">IVA 8% (Transitorio)</field>
            <field name="amount">8</field>
            <field name="chart_template_id" ref="l10n_cr.account_chart_template_0" />
            <field name="tax_group_id" ref="tax_group_IVA8" />
            <field name="iva_tax_desc">Transitorio 8%</field>
            <field name="iva_tax_code">07</field>

            <field name="invoice_repartition_line_ids" eval="[(5, 0, 0),
            (0,0, {
                'factor_percent': 100,
                'repartition_type': 'base',
            }),

            (0,0, {
                'factor_percent': 100,
                'repartition_type': 'tax',
                'account_id': ref('l10n_cr.account_account_template_0_212101'),
            }),
        ]" />
            <field name="refund_repartition_line_ids" eval="[(5, 0, 0),
            (0,0, {
                'factor_percent': 100,
                'repartition_type': 'base',
            }),

            (0,0, {
                'factor_percent': 100,
                'repartition_type': 'tax',
                'account_id': ref('l10n_cr.account_account_template_0_212101'),
            }),
        ]" />
        </record>


        <record id="iva_tax_14_cr" model="account.tax.template">
            <field name="tax_code">01</field>
            <field name="name">IVA 8% (Transitorio)</field>
            <field name="sequence">10</field>
            <field name="type_tax_use">purchase</field>
            <field name="amount_type">percent</field>
            <field name="description">IVA 8% (Transitorio)</field>
            <field name="amount">8</field>
            <field name="chart_template_id" ref="l10n_cr.account_chart_template_0" />
            <field name="tax_group_id" ref="tax_group_IVA8" />
            <field name="iva_tax_desc">Transitorio 8%</field>
            <field name="iva_tax_code">07</field>

            <field name="invoice_repartition_line_ids" eval="[(5, 0, 0),
            (0,0, {
                'factor_percent': 100,
                'repartition_type': 'base',
            }),

            (0,0, {
                'factor_percent': 100,
                'repartition_type': 'tax',
                'account_id': ref('l10n_cr.account_account_template_0_212101'),
            }),
        ]" />
            <field name="refund_repartition_line_ids" eval="[(5, 0, 0),
            (0,0, {
                'factor_percent': 100,
                'repartition_type': 'base',
            }),

            (0,0, {
                'factor_percent': 100,
                'repartition_type': 'tax',
                'account_id': ref('l10n_cr.account_account_template_0_212101'),
            }),
        ]" />
        </record>


        <record id="iva_tax_14_ND_cr" model="account.tax.template">
            <field name="tax_code">01</field>
            <field name="name">IVA 8% (Trans No deducible)</field>
            <field name="sequence">10</field>
            <field name="type_tax_use">purchase</field>
            <field name="amount_type">percent</field>
            <field name="description">IVA 8% (Trans No deducible)</field>
            <field name="amount">8</field>
            <field name="chart_template_id" ref="l10n_cr.account_chart_template_0" />
            <field name="tax_group_id" ref="tax_group_IVA_ND" />
            <field name="iva_tax_desc">Transitorio 8% (Trans No deducible)</field>
            <field name="iva_tax_code">07</field>
            <field name="non_tax_deductible">True</field>
            <field name="invoice_repartition_line_ids" eval="[(5, 0, 0),
            (0,0, {
                'factor_percent': 100,
                'repartition_type': 'base',
            }),

            (0,0, {
                'factor_percent': 100,
                'repartition_type': 'tax',
                'account_id': ref('l10n_cr.account_account_template_0_212101'),
            }),
        ]" />
            <field name="refund_repartition_line_ids" eval="[(5, 0, 0),
            (0,0, {
                'factor_percent': 100,
                'repartition_type': 'base',
            }),

            (0,0, {
                'factor_percent': 100,
                'repartition_type': 'tax',
                'account_id': ref('l10n_cr.account_account_template_0_212101'),
            }),
        ]" />
        </record>


        <record id="iva_tax_15_cr" model="account.tax.template">
            <field name="tax_code">02</field>
            <field name="name">Impuesto Selectivo de Consumo</field>
            <field name="sequence">5</field>
            <field name="type_tax_use">sale</field>
            <field name="amount_type">percent</field>
            <field name="description">Impuesto Selectivo de Consumo</field>
            <field name="amount">0</field>
            <field name="chart_template_id" ref="l10n_cr.account_chart_template_0" />
            <field name="tax_group_id" ref="tax_group_SC" />
            <field name="iva_tax_desc">N/A</field>
            <field name="iva_tax_code">N/A</field>
            <field name="invoice_repartition_line_ids" eval="[(5, 0, 0),
            (0,0, {
                'factor_percent': 100,
                'repartition_type': 'base',
            }),

            (0,0, {
                'factor_percent': 100,
                'repartition_type': 'tax',
                'account_id': ref('l10n_cr.account_account_template_0_212101'),
            }),
        ]" />
            <field name="refund_repartition_line_ids" eval="[(5, 0, 0),
            (0,0, {
                'factor_percent': 100,
                'repartition_type': 'base',
            }),

            (0,0, {
                'factor_percent': 100,
                'repartition_type': 'tax',
                'account_id': ref('l10n_cr.account_account_template_0_212101'),
            }),
        ]" />
        </record>


        <record id="iva_tax_16_cr" model="account.tax.template">
            <field name="tax_code">02</field>
            <field name="name">Impuesto Selectivo de Consumo</field>
            <field name="sequence">5</field>
            <field name="type_tax_use">purchase</field>
            <field name="amount_type">percent</field>
            <field name="description">Impuesto Selectivo de Consumo</field>
            <field name="amount">0</field>
            <field name="chart_template_id" ref="l10n_cr.account_chart_template_0" />
            <field name="tax_group_id" ref="tax_group_SC" />
            <field name="iva_tax_desc">N/A</field>
            <field name="iva_tax_code">N/A</field>
            <field name="invoice_repartition_line_ids" eval="[(5, 0, 0),
            (0,0, {
                'factor_percent': 100,
                'repartition_type': 'base',
            }),

            (0,0, {
                'factor_percent': 100,
                'repartition_type': 'tax',
                'account_id': ref('l10n_cr.account_account_template_0_212101'),
            }),
        ]" />
            <field name="refund_repartition_line_ids" eval="[(5, 0, 0),
            (0,0, {
                'factor_percent': 100,
                'repartition_type': 'base',
            }),

            (0,0, {
                'factor_percent': 100,
                'repartition_type': 'tax',
                'account_id': ref('l10n_cr.account_account_template_0_212101'),
            }),
        ]" />
        </record>


        <record id="iva_tax_16_ND_cr" model="account.tax.template">
            <field name="tax_code">02</field>
            <field name="name">Impuesto Selectivo de Consumo (No deducible)</field>
            <field name="sequence">5</field>
            <field name="type_tax_use">purchase</field>
            <field name="amount_type">percent</field>
            <field name="description">Impuesto Selectivo de Consumo (No deducible)</field>
            <field name="amount">0</field>
            <field name="chart_template_id" ref="l10n_cr.account_chart_template_0" />
            <field name="tax_group_id" ref="tax_group_IVA_ND" />
            <field name="iva_tax_desc">N/A</field>
            <field name="iva_tax_code">N/A</field>
            <field name="invoice_repartition_line_ids" eval="[(5, 0, 0),
            (0,0, {
                'factor_percent': 100,
                'repartition_type': 'base',
            }),

            (0,0, {
                'factor_percent': 100,
                'repartition_type': 'tax',
                'account_id': ref('l10n_cr.account_account_template_0_212101'),
            }),
        ]" />
            <field name="refund_repartition_line_ids" eval="[(5, 0, 0),
            (0,0, {
                'factor_percent': 100,
                'repartition_type': 'base',
            }),

            (0,0, {
                'factor_percent': 100,
                'repartition_type': 'tax',
                'account_id': ref('l10n_cr.account_account_template_0_212101'),
            }),
        ]" />
        </record>


        <record id="iva_tax_17_cr" model="account.tax.template">
            <field name="tax_code">03</field>
            <field name="name">Impuesto Único a los Combustibles</field>
            <field name="sequence">10</field>
            <field name="type_tax_use">sale</field>
            <field name="amount_type">percent</field>
            <field name="description">Impuesto Único a los Combustibles</field>
            <field name="amount">0</field>
            <field name="chart_template_id" ref="l10n_cr.account_chart_template_0" />
            <field name="tax_group_id" ref="tax_group_IUC" />
            <field name="iva_tax_desc">N/A</field>
            <field name="iva_tax_code">N/A</field>
            <field name="invoice_repartition_line_ids" eval="[(5, 0, 0),
            (0,0, {
                'factor_percent': 100,
                'repartition_type': 'base',
            }),

            (0,0, {
                'factor_percent': 100,
                'repartition_type': 'tax',
                'account_id': ref('l10n_cr.account_account_template_0_212101'),
            }),
        ]" />
            <field name="refund_repartition_line_ids" eval="[(5, 0, 0),
            (0,0, {
                'factor_percent': 100,
                'repartition_type': 'base',
            }),

            (0,0, {
                'factor_percent': 100,
                'repartition_type': 'tax',
                'account_id': ref('l10n_cr.account_account_template_0_212101'),
            }),
        ]" />
        </record>


        <record id="iva_tax_18_cr" model="account.tax.template">
            <field name="tax_code">03</field>
            <field name="name">Impuesto Único a los Combustibles</field>
            <field name="sequence">10</field>
            <field name="type_tax_use">purchase</field>
            <field name="amount_type">percent</field>
            <field name="description">Impuesto Único a los Combustibles</field>
            <field name="amount">0</field>
            <field name="chart_template_id" ref="l10n_cr.account_chart_template_0" />
            <field name="tax_group_id" ref="tax_group_IUC" />
            <field name="iva_tax_desc">N/A</field>
            <field name="iva_tax_code">N/A</field>
            <field name="invoice_repartition_line_ids" eval="[(5, 0, 0),
            (0,0, {
                'factor_percent': 100,
                'repartition_type': 'base',
            }),

            (0,0, {
                'factor_percent': 100,
                'repartition_type': 'tax',
                'account_id': ref('l10n_cr.account_account_template_0_212101'),
            }),
        ]" />
            <field name="refund_repartition_line_ids" eval="[(5, 0, 0),
            (0,0, {
                'factor_percent': 100,
                'repartition_type': 'base',
            }),

            (0,0, {
                'factor_percent': 100,
                'repartition_type': 'tax',
                'account_id': ref('l10n_cr.account_account_template_0_212101'),
            }),
        ]" />
        </record>


        <record id="iva_tax_19_cr" model="account.tax.template">
            <field name="tax_code">04</field>
            <field name="name">Impuesto específico de Bebidas Alcohólicas</field>
            <field name="sequence">10</field>
            <field name="type_tax_use">sale</field>
            <field name="amount_type">percent</field>
            <field name="description">Impuesto específico de Bebidas Alcohólicas</field>
            <field name="amount">0</field>
            <field name="chart_template_id" ref="l10n_cr.account_chart_template_0" />
            <field name="tax_group_id" ref="tax_group_IEBA" />
            <field name="iva_tax_desc">N/A</field>
            <field name="iva_tax_code">N/A</field>
            <field name="invoice_repartition_line_ids" eval="[(5, 0, 0),
            (0,0, {
                'factor_percent': 100,
                'repartition_type': 'base',
            }),

            (0,0, {
                'factor_percent': 100,
                'repartition_type': 'tax',
                'account_id': ref('l10n_cr.account_account_template_0_212101'),
            }),
        ]" />
            <field name="refund_repartition_line_ids" eval="[(5, 0, 0),
            (0,0, {
                'factor_percent': 100,
                'repartition_type': 'base',
            }),

            (0,0, {
                'factor_percent': 100,
                'repartition_type': 'tax',
                'account_id': ref('l10n_cr.account_account_template_0_212101'),
            }),
        ]" />
        </record>


        <record id="iva_tax_20_cr" model="account.tax.template">
            <field name="tax_code">04</field>
            <field name="name">Impuesto específico de Bebidas Alcohólicas</field>
            <field name="sequence">10</field>
            <field name="type_tax_use">purchase</field>
            <field name="amount_type">percent</field>
            <field name="description">Impuesto específico de Bebidas Alcohólicas</field>
            <field name="amount">0</field>
            <field name="chart_template_id" ref="l10n_cr.account_chart_template_0" />
            <field name="tax_group_id" ref="tax_group_IEBA" />
            <field name="iva_tax_desc">N/A</field>
            <field name="iva_tax_code">N/A</field>
            <field name="invoice_repartition_line_ids" eval="[(5, 0, 0),
            (0,0, {
                'factor_percent': 100,
                'repartition_type': 'base',
            }),

            (0,0, {
                'factor_percent': 100,
                'repartition_type': 'tax',
                'account_id': ref('l10n_cr.account_account_template_0_212101'),
            }),
        ]" />
            <field name="refund_repartition_line_ids" eval="[(5, 0, 0),
            (0,0, {
                'factor_percent': 100,
                'repartition_type': 'base',
            }),

            (0,0, {
                'factor_percent': 100,
                'repartition_type': 'tax',
                'account_id': ref('l10n_cr.account_account_template_0_212101'),
            }),
        ]" />
        </record>


        <record id="iva_tax_21_cr" model="account.tax.template">
            <field name="tax_code">05</field>
            <field name="name">Impuesto Específico sobre las bebidas envasadas sin contenido alcohólico y jabones de tocador</field>
            <field name="sequence">10</field>
            <field name="type_tax_use">sale</field>
            <field name="amount_type">percent</field>
            <field name="description">Impuesto Específico sobre las bebidas envasadas sin contenido alcohólico y jabones de tocador</field>
            <field name="amount">0</field>
            <field name="chart_template_id" ref="l10n_cr.account_chart_template_0" />
            <field name="tax_group_id" ref="tax_group_IEBE" />
            <field name="iva_tax_desc">N/A</field>
            <field name="iva_tax_code">N/A</field>
            <field name="invoice_repartition_line_ids" eval="[(5, 0, 0),
            (0,0, {
                'factor_percent': 100,
                'repartition_type': 'base',
            }),

            (0,0, {
                'factor_percent': 100,
                'repartition_type': 'tax',
                'account_id': ref('l10n_cr.account_account_template_0_212101'),
            }),
        ]" />
            <field name="refund_repartition_line_ids" eval="[(5, 0, 0),
            (0,0, {
                'factor_percent': 100,
                'repartition_type': 'base',
            }),

            (0,0, {
                'factor_percent': 100,
                'repartition_type': 'tax',
                'account_id': ref('l10n_cr.account_account_template_0_212101'),
            }),
        ]" />
        </record>

        <record id="iva_tax_22_cr" model="account.tax.template">
            <field name="tax_code">05</field>
            <field name="name">Impuesto Específico sobre las bebidas envasadas sin contenido alcohólico y jabones de tocador</field>
            <field name="sequence">10</field>
            <field name="type_tax_use">purchase</field>
            <field name="amount_type">percent</field>
            <field name="description">Impuesto Específico sobre las bebidas envasadas sin contenido alcohólico y jabones de tocador</field>
            <field name="amount">0</field>
            <field name="chart_template_id" ref="l10n_cr.account_chart_template_0" />
            <field name="tax_group_id" ref="tax_group_IEBE" />
            <field name="iva_tax_desc">N/A</field>
            <field name="iva_tax_code">N/A</field>
            <field name="invoice_repartition_line_ids" eval="[(5, 0, 0),
            (0,0, {
                'factor_percent': 100,
                'repartition_type': 'base',
            }),

            (0,0, {
                'factor_percent': 100,
                'repartition_type': 'tax',
                'account_id': ref('l10n_cr.account_account_template_0_212101'),
            }),
        ]" />
            <field name="refund_repartition_line_ids" eval="[(5, 0, 0),
            (0,0, {
                'factor_percent': 100,
                'repartition_type': 'base',
            }),

            (0,0, {
                'factor_percent': 100,
                'repartition_type': 'tax',
                'account_id': ref('l10n_cr.account_account_template_0_212101'),
            }),
        ]" />
        </record>

        <record id="iva_tax_23_cr" model="account.tax.template">
            <field name="tax_code">06</field>
            <field name="name">Impuesto a los Productos de Tabaco</field>
            <field name="sequence">10</field>
            <field name="type_tax_use">sale</field>
            <field name="amount_type">percent</field>
            <field name="description">Impuesto a los Productos de Tabaco</field>
            <field name="amount">0</field>
            <field name="chart_template_id" ref="l10n_cr.account_chart_template_0" />
            <field name="tax_group_id" ref="tax_group_IPT" />
            <field name="iva_tax_desc">N/A</field>
            <field name="iva_tax_code">N/A</field>
            <field name="invoice_repartition_line_ids" eval="[(5, 0, 0),
            (0,0, {
                'factor_percent': 100,
                'repartition_type': 'base',
            }),

            (0,0, {
                'factor_percent': 100,
                'repartition_type': 'tax',
                'account_id': ref('l10n_cr.account_account_template_0_212101'),
            }),
        ]" />
            <field name="refund_repartition_line_ids" eval="[(5, 0, 0),
            (0,0, {
                'factor_percent': 100,
                'repartition_type': 'base',
            }),

            (0,0, {
                'factor_percent': 100,
                'repartition_type': 'tax',
                'account_id': ref('l10n_cr.account_account_template_0_212101'),
            }),
        ]" />
        </record>


        <record id="iva_tax_24_cr" model="account.tax.template">
            <field name="tax_code">06</field>
            <field name="name">Impuesto a los Productos de Tabaco</field>
            <field name="sequence">10</field>
            <field name="type_tax_use">purchase</field>
            <field name="amount_type">percent</field>
            <field name="description">Impuesto a los Productos de Tabaco</field>
            <field name="amount">0</field>
            <field name="chart_template_id" ref="l10n_cr.account_chart_template_0" />
            <field name="tax_group_id" ref="tax_group_IPT" />
            <field name="iva_tax_desc">N/A</field>
            <field name="iva_tax_code">N/A</field>
            <field name="invoice_repartition_line_ids" eval="[(5, 0, 0),
            (0,0, {
                'factor_percent': 100,
                'repartition_type': 'base',
            }),

            (0,0, {
                'factor_percent': 100,
                'repartition_type': 'tax',
                'account_id': ref('l10n_cr.account_account_template_0_212101'),
            }),
        ]" />
            <field name="refund_repartition_line_ids" eval="[(5, 0, 0),
            (0,0, {
                'factor_percent': 100,
                'repartition_type': 'base',
            }),

            (0,0, {
                'factor_percent': 100,
                'repartition_type': 'tax',
                'account_id': ref('l10n_cr.account_account_template_0_212101'),
            }),
        ]" />
        </record>


        <record id="iva_tax_25_cr" model="account.tax.template">
            <field name="tax_code">07</field>
            <field name="name">IVA (cálculo especial)</field>
            <field name="sequence">10</field>
            <field name="type_tax_use">sale</field>
            <field name="amount_type">percent</field>
            <field name="description">IVA (cálculo especial)</field>
            <field name="amount">0</field>
            <field name="chart_template_id" ref="l10n_cr.account_chart_template_0" />
            <field name="tax_group_id" ref="tax_group_IVA13" />
            <field name="iva_tax_desc">N/A</field>
            <field name="iva_tax_code">N/A</field>
            <field name="invoice_repartition_line_ids" eval="[(5, 0, 0),
            (0,0, {
                'factor_percent': 100,
                'repartition_type': 'base',
            }),

            (0,0, {
                'factor_percent': 100,
                'repartition_type': 'tax',
                'account_id': ref('l10n_cr.account_account_template_0_212101'),
            }),
        ]" />
            <field name="refund_repartition_line_ids" eval="[(5, 0, 0),
            (0,0, {
                'factor_percent': 100,
                'repartition_type': 'base',
            }),

            (0,0, {
                'factor_percent': 100,
                'repartition_type': 'tax',
                'account_id': ref('l10n_cr.account_account_template_0_212101'),
            }),
        ]" />
        </record>


        <record id="iva_tax_26_cr" model="account.tax.template">
            <field name="tax_code">07</field>
            <field name="name">IVA (cálculo especial)</field>
            <field name="sequence">10</field>
            <field name="type_tax_use">purchase</field>
            <field name="amount_type">percent</field>
            <field name="description">IVA (cálculo especial)</field>
            <field name="amount">0</field>
            <field name="chart_template_id" ref="l10n_cr.account_chart_template_0" />
            <field name="tax_group_id" ref="tax_group_IVA13" />
            <field name="iva_tax_desc">N/A</field>
            <field name="iva_tax_code">N/A</field>
            <field name="invoice_repartition_line_ids" eval="[(5, 0, 0),
            (0,0, {
                'factor_percent': 100,
                'repartition_type': 'base',
            }),

            (0,0, {
                'factor_percent': 100,
                'repartition_type': 'tax',
                'account_id': ref('l10n_cr.account_account_template_0_212101'),
            }),
        ]" />
            <field name="refund_repartition_line_ids" eval="[(5, 0, 0),
            (0,0, {
                'factor_percent': 100,
                'repartition_type': 'base',
            }),

            (0,0, {
                'factor_percent': 100,
                'repartition_type': 'tax',
                'account_id': ref('l10n_cr.account_account_template_0_212101'),
            }),
        ]" />
        </record>


        <record id="iva_tax_26_ND_cr" model="account.tax.template">
            <field name="tax_code">07</field>
            <field name="name">IVA (cálculo especial - No deducible)</field>
            <field name="sequence">10</field>
            <field name="type_tax_use">purchase</field>
            <field name="amount_type">percent</field>
            <field name="description">IVA (cálculo especial - No deducible)</field>
            <field name="amount">0</field>
            <field name="chart_template_id" ref="l10n_cr.account_chart_template_0" />
            <field name="tax_group_id" ref="tax_group_IVA_ND" />
            <field name="iva_tax_desc">N/A</field>
            <field name="iva_tax_code">N/A</field>
            <field name="non_tax_deductible">True</field>
            <field name="invoice_repartition_line_ids" eval="[(5, 0, 0),
            (0,0, {
                'factor_percent': 100,
                'repartition_type': 'base',
            }),

            (0,0, {
                'factor_percent': 100,
                'repartition_type': 'tax',
                'account_id': ref('l10n_cr.account_account_template_0_212101'),
            }),
        ]" />
            <field name="refund_repartition_line_ids" eval="[(5, 0, 0),
            (0,0, {
                'factor_percent': 100,
                'repartition_type': 'base',
            }),

            (0,0, {
                'factor_percent': 100,
                'repartition_type': 'tax',
                'account_id': ref('l10n_cr.account_account_template_0_212101'),
            }),
        ]" />
        </record>


        <record id="iva_tax_27_cr" model="account.tax.template">
            <field name="tax_code">08</field>
            <field name="name">IVA Régimen de Bienes Usados (Factor)</field>
            <field name="sequence">10</field>
            <field name="type_tax_use">sale</field>
            <field name="amount_type">percent</field>
            <field name="description">IVA Régimen de Bienes Usados (Factor)</field>
            <field name="amount">0</field>
            <field name="chart_template_id" ref="l10n_cr.account_chart_template_0" />
            <field name="tax_group_id" ref="tax_group_IRBU" />
            <field name="iva_tax_desc">N/A</field>
            <field name="iva_tax_code">N/A</field>
            <field name="invoice_repartition_line_ids" eval="[(5, 0, 0),
            (0,0, {
                'factor_percent': 100,
                'repartition_type': 'base',
            }),

            (0,0, {
                'factor_percent': 100,
                'repartition_type': 'tax',
                'account_id': ref('l10n_cr.account_account_template_0_212101'),
            }),
        ]" />
            <field name="refund_repartition_line_ids" eval="[(5, 0, 0),
            (0,0, {
                'factor_percent': 100,
                'repartition_type': 'base',
            }),

            (0,0, {
                'factor_percent': 100,
                'repartition_type': 'tax',
                'account_id': ref('l10n_cr.account_account_template_0_212101'),
            }),
        ]" />
        </record>


        <record id="iva_tax_28_cr" model="account.tax.template">
            <field name="tax_code">08</field>
            <field name="name">IVA Régimen de Bienes Usados (Factor)</field>
            <field name="sequence">10</field>
            <field name="type_tax_use">purchase</field>
            <field name="amount_type">percent</field>
            <field name="description">IVA Régimen de Bienes Usados (Factor)</field>
            <field name="amount">0</field>
            <field name="chart_template_id" ref="l10n_cr.account_chart_template_0" />
            <field name="tax_group_id" ref="tax_group_IRBU" />
            <field name="iva_tax_desc">N/A</field>
            <field name="iva_tax_code">N/A</field>
            <field name="invoice_repartition_line_ids" eval="[(5, 0, 0),
            (0,0, {
                'factor_percent': 100,
                'repartition_type': 'base',
            }),

            (0,0, {
                'factor_percent': 100,
                'repartition_type': 'tax',
                'account_id': ref('l10n_cr.account_account_template_0_212101'),
            }),
        ]" />
            <field name="refund_repartition_line_ids" eval="[(5, 0, 0),
            (0,0, {
                'factor_percent': 100,
                'repartition_type': 'base',
            }),

            (0,0, {
                'factor_percent': 100,
                'repartition_type': 'tax',
                'account_id': ref('l10n_cr.account_account_template_0_212101'),
            }),
        ]" />
        </record>


        <record id="iva_tax_28_ND_cr" model="account.tax.template">
            <field name="tax_code">08</field>
            <field name="name">IVA Régimen de Bienes Usados (Factor - No deducible)</field>
            <field name="sequence">10</field>
            <field name="type_tax_use">purchase</field>
            <field name="amount_type">percent</field>
            <field name="description">IVA Régimen de Bienes Usados (Factor - No deducible)</field>
            <field name="amount">0</field>
            <field name="chart_template_id" ref="l10n_cr.account_chart_template_0" />
            <field name="tax_group_id" ref="tax_group_IVA_ND" />
            <field name="iva_tax_desc">N/A</field>
            <field name="iva_tax_code">N/A</field>
            <field name="non_tax_deductible">True</field>
            <field name="invoice_repartition_line_ids" eval="[(5, 0, 0),
            (0,0, {
                'factor_percent': 100,
                'repartition_type': 'base',
            }),

            (0,0, {
                'factor_percent': 100,
                'repartition_type': 'tax',
                'account_id': ref('l10n_cr.account_account_template_0_212101'),
            }),
        ]" />
            <field name="refund_repartition_line_ids" eval="[(5, 0, 0),
            (0,0, {
                'factor_percent': 100,
                'repartition_type': 'base',
            }),

            (0,0, {
                'factor_percent': 100,
                'repartition_type': 'tax',
                'account_id': ref('l10n_cr.account_account_template_0_212101'),
            }),
        ]" />
        </record>


        <record id="iva_tax_29_cr" model="account.tax.template">
            <field name="tax_code">12</field>
            <field name="name">Impuesto Específico al Cemento</field>
            <field name="sequence">10</field>
            <field name="type_tax_use">sale</field>
            <field name="amount_type">percent</field>
            <field name="description">Impuesto Específico al Cemento</field>
            <field name="amount">0</field>
            <field name="chart_template_id" ref="l10n_cr.account_chart_template_0" />
            <field name="iva_tax_desc">N/A</field>
            <field name="iva_tax_code">N/A</field>
            <field name="invoice_repartition_line_ids" eval="[(5, 0, 0),
            (0,0, {
                'factor_percent': 100,
                'repartition_type': 'base',
            }),

            (0,0, {
                'factor_percent': 100,
                'repartition_type': 'tax',
                'account_id': ref('l10n_cr.account_account_template_0_212101'),
            }),
        ]" />
            <field name="refund_repartition_line_ids" eval="[(5, 0, 0),
            (0,0, {
                'factor_percent': 100,
                'repartition_type': 'base',
            }),

            (0,0, {
                'factor_percent': 100,
                'repartition_type': 'tax',
                'account_id': ref('l10n_cr.account_account_template_0_212101'),
            }),
        ]" />
        </record>


        <record id="iva_tax_30_cr" model="account.tax.template">
            <field name="tax_code">12</field>
            <field name="name">Impuesto Específico al Cemento</field>
            <field name="sequence">10</field>
            <field name="type_tax_use">purchase</field>
            <field name="amount_type">percent</field>
            <field name="description">Impuesto Específico al Cemento</field>
            <field name="amount">0</field>
            <field name="chart_template_id" ref="l10n_cr.account_chart_template_0" />
            <field name="iva_tax_desc">N/A</field>
            <field name="iva_tax_code">N/A</field>
            <field name="invoice_repartition_line_ids" eval="[(5, 0, 0),
            (0,0, {
                'factor_percent': 100,
                'repartition_type': 'base',
            }),

            (0,0, {
                'factor_percent': 100,
                'repartition_type': 'tax',
                'account_id': ref('l10n_cr.account_account_template_0_212101'),
            }),
        ]" />
            <field name="refund_repartition_line_ids" eval="[(5, 0, 0),
            (0,0, {
                'factor_percent': 100,
                'repartition_type': 'base',
            }),

            (0,0, {
                'factor_percent': 100,
                'repartition_type': 'tax',
                'account_id': ref('l10n_cr.account_account_template_0_212101'),
            }),
        ]" />
        </record>


        <record id="iva_tax_31_cr" model="account.tax.template">
            <field name="tax_code">99</field>
            <field name="name">Otros</field>
            <field name="sequence">10</field>
            <field name="type_tax_use">sale</field>
            <field name="amount_type">percent</field>
            <field name="description">Otros</field>
            <field name="amount">0</field>
            <field name="chart_template_id" ref="l10n_cr.account_chart_template_0" />
            <field name="iva_tax_desc">N/A</field>
            <field name="iva_tax_code">N/A</field>
            <field name="invoice_repartition_line_ids" eval="[(5, 0, 0),
            (0,0, {
                'factor_percent': 100,
                'repartition_type': 'base',
            }),

            (0,0, {
                'factor_percent': 100,
                'repartition_type': 'tax',
                'account_id': ref('l10n_cr.account_account_template_0_212101'),
            }),
        ]" />
            <field name="refund_repartition_line_ids" eval="[(5, 0, 0),
            (0,0, {
                'factor_percent': 100,
                'repartition_type': 'base',
            }),

            (0,0, {
                'factor_percent': 100,
                'repartition_type': 'tax',
                'account_id': ref('l10n_cr.account_account_template_0_212101'),
            }),
        ]" />
        </record>

        <record id="iva_tax_32_cr" model="account.tax.template">
            <field name="tax_code">99</field>
            <field name="name">Otros</field>
            <field name="sequence">10</field>
            <field name="type_tax_use">purchase</field>
            <field name="amount_type">percent</field>
            <field name="description">Otros</field>
            <field name="amount">0</field>
            <field name="chart_template_id" ref="l10n_cr.account_chart_template_0" />
            <field name="iva_tax_desc">N/A</field>
            <field name="iva_tax_code">N/A</field>
            <field name="invoice_repartition_line_ids" eval="[(5, 0, 0),
            (0,0, {
                'factor_percent': 100,
                'repartition_type': 'base',
            }),

            (0,0, {
                'factor_percent': 100,
                'repartition_type': 'tax',
                'account_id': ref('l10n_cr.account_account_template_0_212101'),
            }),
        ]" />
            <field name="refund_repartition_line_ids" eval="[(5, 0, 0),
            (0,0, {
                'factor_percent': 100,
                'repartition_type': 'base',
            }),

            (0,0, {
                'factor_percent': 100,
                'repartition_type': 'tax',
                'account_id': ref('l10n_cr.account_account_template_0_212101'),
            }),
        ]" />
        </record>

        <record id="iva_tax_32_ND_cr" model="account.tax.template">
            <field name="tax_code">99</field>
            <field name="name">Otros (No deducible)</field>
            <field name="sequence">10</field>
            <field name="type_tax_use">purchase</field>
            <field name="amount_type">percent</field>
            <field name="description">Otros (No deducible)</field>
            <field name="amount">0</field>
            <field name="chart_template_id" ref="l10n_cr.account_chart_template_0" />
            <field name="tax_group_id" ref="tax_group_IVA_ND" />
            <field name="iva_tax_desc">N/A</field>
            <field name="iva_tax_code">N/A</field>
            <field name="non_tax_deductible">True</field>
            <field name="invoice_repartition_line_ids" eval="[(5, 0, 0),
            (0,0, {
                'factor_percent': 100,
                'repartition_type': 'base',
            }),

            (0,0, {
                'factor_percent': 100,
                'repartition_type': 'tax',
                'account_id': ref('l10n_cr.account_account_template_0_212101'),
            }),
        ]" />
            <field name="refund_repartition_line_ids" eval="[(5, 0, 0),
            (0,0, {
                'factor_percent': 100,
                'repartition_type': 'base',
            }),

            (0,0, {
                'factor_percent': 100,
                'repartition_type': 'tax',
                'account_id': ref('l10n_cr.account_account_template_0_212101'),
            }),
        ]" />
        </record>


        <record id="service_tax_sale_cr" model="account.tax.template">
            <field name="tax_code">service</field>
            <field name="name">Impuesto de Servicio</field>
            <field name="sequence">10</field>
            <field name="type_tax_use">sale</field>
            <field name="amount_type">percent</field>
            <field name="description">Impuesto de servicio utilizado por los restaurantes</field>
            <field name="amount">0</field>
            <field name="chart_template_id" ref="l10n_cr.account_chart_template_0" />
            <field name="tax_group_id" ref="tax_group_Servicio" />
            <field name="iva_tax_desc">Impuesto Servicio 10%</field>
            <field name="iva_tax_code">06</field>
            <field name="invoice_repartition_line_ids" eval="[(5, 0, 0),
            (0,0, {
                'factor_percent': 100,
                'repartition_type': 'base',
            }),

            (0,0, {
                'factor_percent': 100,
                'repartition_type': 'tax',
                'account_id': ref('l10n_cr.account_account_template_0_212101'),
            }),
        ]" />
            <field name="refund_repartition_line_ids" eval="[(5, 0, 0),
            (0,0, {
                'factor_percent': 100,
                'repartition_type': 'base',
            }),

            (0,0, {
                'factor_percent': 100,
                'repartition_type': 'tax',
                'account_id': ref('l10n_cr.account_account_template_0_212101'),
            }),
        ]" />
        </record>


        <record id="exempt_tax_sale_cr" model="account.tax.template">
            <field name="tax_code">00</field>
            <field name="name">Exento</field>
            <field name="sequence">10</field>
            <field name="type_tax_use">sale</field>
            <field name="amount_type">percent</field>
            <field name="description">Exento</field>
            <field name="amount">0</field>
            <field name="chart_template_id" ref="l10n_cr.account_chart_template_0" />
            <field name="tax_group_id" ref="tax_group_Exento" />
            <field name="iva_tax_desc">N/A</field>
            <field name="iva_tax_code">06</field>
            <field name="invoice_repartition_line_ids" eval="[(5, 0, 0),
            (0,0, {
                'factor_percent': 100,
                'repartition_type': 'base',
            }),

            (0,0, {
                'factor_percent': 100,
                'repartition_type': 'tax',
                'account_id': ref('l10n_cr.account_account_template_0_212101'),
            }),
        ]" />
            <field name="refund_repartition_line_ids" eval="[(5, 0, 0),
            (0,0, {
                'factor_percent': 100,
                'repartition_type': 'base',
            }),

            (0,0, {
                'factor_percent': 100,
                'repartition_type': 'tax',
                'account_id': ref('l10n_cr.account_account_template_0_212101'),
            }),
        ]" />
        </record>

        <record id="exempt_tax_purchase_cr" model="account.tax.template">
            <field name="tax_code">00</field>
            <field name="name">Exento</field>
            <field name="sequence">10</field>
            <field name="type_tax_use">purchase</field>
            <field name="amount_type">percent</field>
            <field name="description">Exento</field>
            <field name="amount">0</field>
            <field name="chart_template_id" ref="l10n_cr.account_chart_template_0" />
            <field name="tax_group_id" ref="tax_group_Exento" />
            <field name="iva_tax_desc">N/A</field>
            <field name="iva_tax_code">06</field>
            <field name="invoice_repartition_line_ids" eval="[(5, 0, 0),
            (0,0, {
                'factor_percent': 100,
                'repartition_type': 'base',
            }),

            (0,0, {
                'factor_percent': 100,
                'repartition_type': 'tax',
                'account_id': ref('l10n_cr.account_account_template_0_212101'),
            }),
        ]" />
            <field name="refund_repartition_line_ids" eval="[(5, 0, 0),
            (0,0, {
                'factor_percent': 100,
                'repartition_type': 'base',
            }),

            (0,0, {
                'factor_percent': 100,
                'repartition_type': 'tax',
                'account_id': ref('l10n_cr.account_account_template_0_212101'),
            }),
        ]" />
        </record>
    </data>
</odoo>