<?xml version="1.0" encoding="utf-8"?>
<odoo>
    <data noupdate="1">

        <record id="cr_electronic_invoice.l10n_latam_document_type_cr_FE" model="l10n_latam.document.type">
            <field name="code">01</field>
            <field name="name">Factura Electrónica</field>
            <field name="doc_code_prefix">FACT</field>
            <field name='report_name'>FACTURA</field>
            <field name='internal_type'>invoice</field>
            <field name='country_id'>50</field>
        </record>
        <record id="cr_electronic_invoice.l10n_latam_document_type_cr_ND" model="l10n_latam.document.type">
            <field name="code">02</field>
            <field name="name">Nota de Débito Electrónica</field>
            <field name="doc_code_prefix">ND</field>
            <field name='report_name'>NOTA DE DÉBITO</field>
            <field name='internal_type'>debit_note</field>
            <field name='country_id'>50</field>
        </record>
        <record id="cr_electronic_invoice.l10n_latam_document_type_cr_NC" model="l10n_latam.document.type">
            <field name="code">03</field>
            <field name="name">Nota de Crédito Electrónica</field>
            <field name="doc_code_prefix">NC</field>
            <field name='report_name'>NOTA DE CRÉDITO</field>
            <field name='internal_type'>credit_note</field>
            <field name='country_id'>50</field>
        </record>
        <record id="cr_electronic_invoice.l10n_latam_document_type_cr_TE" model="l10n_latam.document.type">
            <field name="code">04</field>
            <field name="name">Tiequete Electrónico</field>
            <field name="doc_code_prefix">TE</field>
            <field name='report_name'>TIQUETE ELECTRÓNIO</field>
            <field name='internal_type'>invoice</field>
            <field name='country_id'>50</field>
        </record>
        <record id="cr_electronic_invoice.l10n_latam_document_type_cr_NDE" model="l10n_latam.document.type">
            <field name="code">05</field>
            <field name="name">Nota de Despacho</field>
            <field name="doc_code_prefix"></field>
            <field name='report_name'>NOTA DE DESPACHO</field>
            <field name='internal_type'></field>
            <field name='country_id'>50</field>
        </record>
        <record id="cr_electronic_invoice.l10n_latam_document_type_cr_C" model="l10n_latam.document.type">
            <field name="code">06</field>
            <field name="name">Contrato</field>
            <field name="doc_code_prefix"></field>
            <field name='report_name'>CONTRATO</field>
            <field name='internal_type'></field>
            <field name='country_id'>50</field>
        </record>
        <record id="cr_electronic_invoice.l10n_latam_document_type_cr_PR" model="l10n_latam.document.type">
            <field name="code">07</field>
            <field name="name">Procedimiento</field>
            <field name="doc_code_prefix"></field>
            <field name='report_name'>PROCEDIMIENTO</field>
            <field name='internal_type'></field>
            <field name='country_id'>50</field>
        </record>
        <record id="cr_electronic_invoice.l10n_latam_document_type_cr_CEC" model="l10n_latam.document.type">
            <field name="code">08</field>
            <field name="name">Comprobante Emitido en Contigencia</field>
            <field name="doc_code_prefix"></field>
            <field name='report_name'>CBTE EMITIDO EN CONTINGENCIA</field>
            <field name='internal_type'></field>
            <field name='country_id'>50</field>
        </record>
        <record id="cr_electronic_invoice.l10n_latam_document_type_cr_DM" model="l10n_latam.document.type">
            <field name="code">09</field>
            <field name="name">Devolución de Mercadería</field>
            <field name="doc_code_prefix"></field>
            <field name='report_name'>DEVOLUCIÓN DE MERCADERÍA</field>
            <field name='internal_type'></field>
            <field name='country_id'>50</field>
        </record>
        <record id="cr_electronic_invoice.l10n_latam_document_type_cr_OT" model="l10n_latam.document.type">
            <field name="code">99</field>
            <field name="name">Otros</field>
            <field name="doc_code_prefix"></field>
            <field name='report_name'>OTROS</field>
            <field name='internal_type'></field>
            <field name='country_id'>50</field>
        </record>
    </data>
</odoo>